Vitamin,Protein,Fat,Callorie,Carbohydrate,Stength
0.05556192249,0.1149282215,0.1451568455,1463.040193,4.540862083,2
0.3846921325,0.1192501251,0.147916019,1484.006563,4.452103138,2
0.4646698833,0.109778168,0.134147346,1413.981019,3.892156363,2
0.2788491845,0.119022764,0.1475176513,1495.144218,4.409815788,2
0.233440876,0.1258838226,0.1541443169,1538.705541,4.562316418,2
0.3326601088,0.1279609733,0.1856326908,1637.023996,6.714188576,3
-4.738455296,0.1613175978,0.01550683007,1982.766952,0.03756216541,1
0.5571998358,0.1337384343,0.1779163182,1650.226085,5.964167595,3
-4.317978859,0.1543013649,0.01656024903,1960.689902,0.04043218493,1
0.6719110012,0.1292246943,0.1840575337,1596.488236,6.515393734,3
-4.389082909,0.1554833423,0.01636585779,1962.238256,0.04017382115,1
0.5187616348,0.1413529422,0.1690933853,1672.706332,5.112711906,3
-4.913858891,0.1630556999,0.01529008336,1998.131892,0.03613161296,1
0.6344991326,0.1458284915,0.1683368534,1652.666635,5.085682392,3
-4.706630707,0.162067843,0.01548624877,1991.007457,0.03709942102,1
-0.07528333366,0.1263058164,0.1565719396,1548.695245,4.675031185,3
0.198039338,0.1144470775,0.1454977542,1547.313776,4.126606464,3
0.5289931893,0.1192742008,0.15138717,1533.079638,4.453528881,3
0.7572563887,0.1211027093,0.1562945545,1525.520762,4.697177887,3
-1.098662734,0.09651730039,0.1182617545,1328.990928,3.549111843,3
-0.1870643198,0.09823860378,0.136603266,1326.573176,4.232926846,3
-0.417209059,0.1051028197,0.1323114187,1412.472668,3.657102346,3
0.1492183656,0.1066692947,0.1365359277,1438.066548,3.877494574,2
-0.5367823839,0.110308908,0.1192972437,1429.947131,3.187119961,3
0.09889302403,0.1105154454,0.1272179782,1441.933819,3.449878454,2
0.0257935524,0.1237068966,0.136627093,1510.289016,3.713263512,3
0.2418841422,0.1218658377,0.1368996352,1484.591137,3.69916153,2
-0.5490896702,0.1182527389,0.1038625166,1454.946564,2.369200706,3
0.2210040092,0.1146170079,0.1353393346,1471.394812,3.743160963,2
-0.9673116803,0.09494942481,0.1043806374,1324.080994,2.606602907,3
0.2089883387,0.1164299378,0.1220848113,1469.610165,3.067580223,2
-0.459942162,0.09673917924,0.1500137448,1355.73476,4.760002613,3
0.4612960219,0.118317843,0.1571685076,1516.176645,4.832697392,2
-0.9094022512,0.08480042205,0.1411811858,1326.433976,4.389719486,3
0.5002934933,0.1216457201,0.1565375179,1516.556413,4.711400032,2
-4.997240067,0.1642252604,0.01513025817,1999.515814,0.03547661006,1
-4.77481699,0.160079921,0.01591568813,1968.511277,0.04010596871,1
-4.952908516,0.1630555606,0.01505587902,2004.40699,0.03511619195,1
-0.5802201629,0.07362990739,0.1383115798,1210.932673,4.8712883,3
-4.828764915,0.1628872575,0.01582350023,1983.733751,0.0393229425,1
-4.890846252,0.1609149296,0.01527057495,1987.816614,0.03602372855,1
-5.017878532,0.1632747694,0.01490143593,1996.621562,0.03442804888,1
-1.212618589,0.09405826973,0.1151502505,1341.957326,3.527675629,3
-5.02838707,0.1609830878,0.01562354621,1973.870789,0.03867160529,1
-4.73210001,0.1604266483,0.01566716097,1977.290059,0.03788974136,1
-5.02005291,0.1660380232,0.0148583902,2009.977158,0.03389550373,1
-0.09415920824,0.1246643768,0.1409167647,1477.30539,3.752637386,3
-4.917191982,0.1607612698,0.01533959992,1985.36415,0.03659892827,1
-4.966844082,0.1624032376,0.01556954067,1984.989231,0.03793748841,1
-4.767931461,0.1618449831,0.01500221435,1997.325688,0.03450001776,1
-0.7948454022,0.09642825072,0.1492678374,1303.37022,4.757039547,3
-4.886458397,0.1614129554,0.01519182511,1986.360839,0.035957627,1
-4.885844231,0.1600246166,0.01510959771,1985.509902,0.03572716564,1
-1.231478333,0.08190834168,0.1346876323,1316.263494,4.613535404,3
-3.124970913,0.1218055009,0.02267258801,1852.249752,0.06128700823,1
0.7792237997,0.1306403747,0.1459013373,1567.578253,3.954922915,2
-0.1554307193,0.1010261728,0.1123840809,1373.603513,2.795791388,3
-4.793580532,0.1598572337,0.0158750657,1972.955008,0.0394676365,1
-4.917069435,0.1637294787,0.01504839491,1997.381002,0.03502636403,1
0.9121987224,0.1378886138,0.1646929681,1686.821903,4.889342785,1
0.6617215872,0.1334127724,0.1507691592,1605.792667,4.247906685,2
-0.4616832733,0.110315643,0.101517655,1433.355695,2.339641571,3
-4.974895,0.1609082255,0.01534084883,1982.454807,0.03678083047,1
-4.435649872,0.1594704113,0.01692147553,1965.215105,0.04601090029,1
0.8384832144,0.1332058066,0.163550958,1606.000101,4.858840466,1
0.7548778057,0.1383373743,0.1494533867,1618.217242,4.017351151,2
-0.8584028482,0.1042755478,0.09073298424,1379.884384,2.019085646,3
-4.858668327,0.1614844646,0.01524578501,1989.934408,0.03606120497,1
-4.927423,0.1621926303,0.01543567982,1984.336377,0.03718949854,1
0.9889085889,0.1386168732,0.1652240902,1695.772444,4.915593624,1
0.6240302324,0.1383340068,0.1242315918,1559.795497,2.84636116,2
0.01972660981,0.1201374388,0.1152331606,1449.687434,2.757961273,3
-4.865118027,0.1607318843,0.0156331826,1976.292615,0.03798214719,1
-5.030999184,0.1618669104,0.01531108189,1986.024603,0.03657357395,1
1.01356864,0.1373779856,0.164171204,1687.03873,4.850725651,1
0.9604138136,0.134062949,0.150228709,1574.476316,4.137374401,2
-0.2462017536,0.1035994261,0.1058007479,1367.985873,2.610518694,3
-5.013349533,0.1611573942,0.01566244848,1979.13775,0.03857098147,1
-4.980870247,0.1619887014,0.01505022496,1998.120809,0.03510721028,1
0.9676483274,0.133417252,0.1657180041,1702.24136,5.050353527,1
-4.858570099,0.1616964736,0.01542166807,1987.277832,0.03679729998,1
-4.814704895,0.1606881078,0.01524910796,1979.591447,0.03608059883,1
0.5998713374,0.1185896287,0.1580860466,1499.173035,5.014833927,3
-4.905724525,0.1625325521,0.0157333333,1987.987994,0.03887870163,1
-4.921919823,0.1623053594,0.01523767412,1988.852162,0.03580088168,1
0.2764449716,0.1111091247,0.1355339438,1443.147505,3.965013504,3
-4.964488983,0.162268768,0.01532975584,1991.022667,0.03650204837,1
-4.994217396,0.1615460597,0.01502113603,1992.529166,0.03501679748,1
-0.3018272519,0.1048695975,0.1639396548,1386.146476,5.622580528,3
-4.946226597,0.1618674742,0.01530937944,1990.57067,0.03646225482,1
-4.600306988,0.1605805496,0.01547240838,1989.519983,0.03639894351,1
0.1805999726,0.1048796767,0.1599407196,1411.475263,5.287584305,3
-5.011842251,0.1609596235,0.01516614389,1987.456231,0.03589975089,1
-4.845354557,0.1626863326,0.0149386432,2012.959727,0.03433115408,1
-0.03313827515,0.1111914958,0.132346198,1408.57547,3.97628808,3
-0.6392323375,0.1166399993,0.1129034832,1459.861743,2.565487623,2
-0.3383854032,0.117981517,0.1290719658,1508.686336,3.372612953,2
-0.5637961626,0.1279621649,0.1164405048,1532.441257,2.674194098,2
-0.6952023506,0.124546436,0.1102607697,1510.136906,2.427459955,2
-0.5604449511,0.1319711367,0.1244245246,1546.931014,2.890713215,2
-0.6544551849,0.1159130411,0.1258635372,1495.600878,3.135841131,2
0.1492945701,0.1534571202,0.1826420724,1762.664988,5.769831657,2
0.1827158034,0.1478002706,0.1855859607,1714.782615,6.067701817,2
0.3241260648,0.1495058952,0.1834018975,1724.730208,5.888174534,2
-0.1718221605,0.1087097728,0.1950663924,1688.441465,7.741895199,2
0.2512340546,0.1492505555,0.183467865,1715.222627,5.833397388,2
-0.6630768776,0.1080031089,0.1324747652,1418.155759,3.745210648,3
-0.9932311773,0.1031759511,0.1232152879,1395.577881,3.575199604,3
-1.103826761,0.08391046087,0.1306260526,1291.458615,4.127511024,3
-0.9318600893,0.1241903043,0.1630785763,1472.075704,5.155420303,3
-1.014186382,0.09809760262,0.124431476,1381.482005,3.79766798,3
-0.8555423021,0.09589282507,0.1274522841,1380.654598,3.691951752,3
-1.965184212,0.1161297427,0.08149333298,1481.578146,1.871113181,3
-1.784389257,0.1108141447,0.08637544513,1443.281191,2.023643255,3
-1.897166967,0.1071855738,0.08074329048,1407.601803,1.548480988,3
-1.737208128,0.0986832085,0.09023281932,1342.90303,2.063282728,3
-0.5117565393,0.07761884118,0.09668716043,1527.708671,1.973171711,2
-1.229007483,0.1172793327,0.08269447088,1605.708777,1.361290097,1
0.1719408035,0.07431931136,0.1098272875,1470.481753,2.595381021,2
-1.375644088,0.09773016413,0.07804889977,1462.242765,1.307902455,1
-0.9270316958,0.09366172948,0.08817785233,1512.285041,1.704889417,2
-0.1401326358,0.1420024907,0.07376530766,1615.231737,0.9888163805,1
-1.000177145,0.124067114,0.09906315058,1497.302101,1.860593438,2
-0.24967134,0.1242770756,0.08932778239,1548.967499,1.561607361,1
-0.4076185822,0.1153900426,0.08457888663,1525.335608,1.445631027,2
-0.4664550722,0.1294649242,0.08602430671,1571.44323,1.43494153,1
-0.4272863865,0.1043111771,0.08179292828,1469.788518,1.448440552,2
-0.276252985,0.128486127,0.09020280093,1598.79707,1.551901221,1
-0.6121556163,0.1229998387,0.08460531384,1594.463102,1.385040879,1
-0.8444822431,0.08156200724,0.08685911447,1454.400869,1.628790736,1
-0.2925224304,0.1211138623,0.09808342904,1561.106307,1.876104593,1
-1.17007339,0.1038415191,0.09312440455,1558.5653,1.786748648,3
-0.6080594063,0.1197227635,0.08416065574,1571.552481,1.399154425,1
-0.07254461944,0.07505980325,0.09431732446,1436.10713,1.94156146,1
-2.59752655,0.1169758368,0.05411769822,1573.73021,0.691595614,1
-1.017653465,0.09500542037,0.09926559776,1533.312267,2.048928976,3
-0.3741224706,0.1220445545,0.0847203061,1569.26277,1.387247086,1
-0.31053105,0.07436512264,0.09061405808,1423.573341,1.808787107,1
-1.602967024,0.1245677143,0.07389518619,1610.789284,1.041190624,1
-0.5978121161,0.1224368028,0.08403418213,1555.795679,1.388984323,3
-0.456662178,0.1255994073,0.09324198961,1608.226475,1.654738426,1
-0.4845134318,0.09012036805,0.0747178942,1539.577596,1.163066149,1
-0.5814048648,0.1246416284,0.08566382527,1588.903418,1.402622342,3
-0.3825949132,0.1202974932,0.08704849333,1579.161972,1.468793154,1
-0.5176270604,0.07496573072,0.0879720971,1406.57946,1.717282891,1
-0.5960725546,0.1253396739,0.08022503555,1569.500985,1.250552535,3
-6.790065765,0.1075909816,0.005210442469,2536.058432,0.001999370055,1
-6.80877018,0.1084710651,0.005195685197,2541.23978,0.001989756012,1
-0.4250327051,0.1182020523,0.08692774922,1524.59605,1.473039269,3
-0.7862839699,0.1245173055,0.093444556,1610.593149,1.701236486,1
-0.5489271283,0.141658678,0.0895704329,1636.03932,1.42403698,2
-0.6995289922,0.1105733049,0.07933761925,1519.195512,1.350966454,3
-1.004042268,0.1165601865,0.09153345972,1583.357366,1.681578159,1
-0.4156023562,0.1244701868,0.0895441547,1569.069737,1.538158894,2
-0.1589895934,0.1373444651,0.08365835249,1622.479438,1.280930996,3
-0.6630336642,0.1296626949,0.09495324641,1634.14582,1.713251233,1
-0.5710327029,0.1248726223,0.07791540772,1556.540965,1.19015193,2
-1.140190363,0.09794787793,0.07512116432,1429.673498,1.203440666,3
-0.7709450722,0.1283216564,0.09500150383,1624.585986,1.723726869,1
-0.6613493562,0.1313096664,0.08424036205,1586.787134,1.332585931,2
-0.8776400685,0.1254210866,0.09164246172,1604.595862,1.638001323,1
-0.1812331378,0.1291739088,0.08081229031,1601.563792,1.229776263,3
-0.3906924725,0.1312927806,0.09279172122,1606.58159,1.608731627,2
-0.4107921124,0.1273129112,0.08053292334,1570.206469,1.250823021,2
0.5555120707,0.1211954287,0.154207319,1519.671894,4.716165543,3
0.5467306376,0.1527749158,0.1444164962,1788.246613,3.62264204,2
0.3757986426,0.1192735895,0.1474522054,1490.002031,4.394917488,3
0.5957516432,0.1525973881,0.1458724141,1773.49678,3.711089373,2
0.5183088183,0.1453759654,0.1525626481,1676.220168,4.104011059,3
0.5289638638,0.1541815242,0.145267725,1788.131871,3.642751217,2
0.541703701,0.1448698066,0.1526856571,1693.159165,4.148823738,3
0.4864875674,0.1535482516,0.1437641829,1797.681399,3.593039036,2
0.5911210775,0.146141349,0.14996171,1720.102971,3.958863258,3
0.6031301618,0.1476860396,0.151581794,1713.691891,3.995055676,2
-0.966109395,0.0720338034,0.1271463484,1260.817032,3.655549288,3
-0.9053613544,0.1044262639,0.09507695585,1413.889177,2.050982952,3
-0.2740638852,0.1106393797,0.1010387838,1443.167286,2.193758011,3
-1.174849749,0.1117996076,0.07540195435,1446.01018,1.466778278,3
-0.7339345217,0.1061324549,0.1005757079,1425.773065,2.284651995,3
0.6388729811,0.1290630376,0.1619481444,1539.71029,5.151524067,2
0.1529415101,0.1151293443,0.1619646847,1604.918716,5.178186893,2
0.8874363899,0.1306783646,0.1574420035,1559.771006,4.782121658,2
0.5173193216,0.1214423627,0.1512713432,1587.019756,4.399454117,2
0.4182150364,0.114047751,0.1417035758,1451.562418,4.107308388,2
0.3627425134,0.1292914994,0.1470919251,1591.730054,4.105681896,2
0.7635895014,0.1288213315,0.1299442202,1517.155625,3.372645378,2
0.4670109749,0.1236034708,0.1453206241,1558.378094,4.074347973,2
0.6789864898,0.1312705592,0.1441607773,1539.668261,3.96449852,2
0.2881132066,0.1160989464,0.1576032937,1603.165133,4.886875153,2
0.1473784447,0.1042128504,0.1728628725,1558.810402,6.171947479,2
0.53291291,0.1364242134,0.1691132188,1600.555863,5.217193127,3
0.5214757919,0.1388808192,0.1650307328,1662.613548,4.975905895,3
0.4947170317,0.136770148,0.163567692,1612.944537,4.887087345,3
0.01116008777,0.1460845667,0.1496795267,1676.873999,3.889010191,2
0.02317237854,0.1414246165,0.1450518668,1626.677867,3.747339964,2
0.1170254722,0.1383538202,0.1527587473,1606.978715,4.214594364,2
-0.08320579678,0.1433687823,0.1471764445,1635.431991,3.836524248,2
-0.1278641671,0.1427468446,0.1404493898,1596.619415,3.53299427,2
0.1566973478,0.1414421695,0.1253838837,1610.719012,2.776775599,3
-1.252223969,0.08226365847,0.1299358904,1346.908219,3.765778065,4
-0.01884760894,0.1353143815,0.124891825,1561.723799,2.908880711,3
-1.436500311,0.1057252096,0.09042711556,1404.958619,2.235485554,4
-1.13064599,0.1123136674,0.1002318263,1402.163069,2.614719391,3
-1.801804304,0.1026734518,0.08091244847,1392.506897,1.929891825,4
-0.3177584708,0.129435968,0.1160980389,1525.431404,2.705678225,3
-1.115338206,0.1063669187,0.09360899031,1397.374401,2.278770447,4
-0.2946642339,0.1258589718,0.1253663301,1517.45954,3.177374125,3
-1.671615958,0.1061265266,0.08045107871,1435.40523,1.896953344,4
-0.5337132215,0.1173812446,0.1189433113,1445.797504,3.108085871,3
-0.6798941493,0.09323378504,0.1353737414,1334.663558,3.994236708,4
-0.8632957339,0.08832627043,0.08767584711,1271.874303,1.735432625,4
-2.299975872,0.1203277308,0.03571568429,1559.03524,0.3215658963,4
-2.179770231,0.1200445599,0.03552748635,1536.368042,0.287057519,4
-1.21788764,0.1220523939,0.0491367653,1496.956242,0.499101907,4
-2.038635015,0.1193567678,0.03875972331,1529.963732,0.3348915875,4
-0.2415328324,0.069959728,0.1083228439,1179.916943,2.741003275,4
-0.6223393679,0.1265566765,0.09166742116,1508.57439,1.792696357,4
-0.6988172531,0.1009982391,0.07359076291,1402.958074,1.401105881,4
-0.3771843314,0.1147942499,0.09627735615,1469.97227,2.06308341,4
-0.6544259787,0.1116954558,0.08388134092,1469.167768,1.567107558,4
-0.1784236282,0.116372953,0.09698378295,1491.318934,2.124483585,4
-0.7089871764,0.1092409182,0.1002628952,1453.955305,2.38815093,4
-0.2380423844,0.09148329989,0.114294149,1371.496947,3.026683807,4
-0.2622696161,0.1246692649,0.1344186813,1523.638705,3.525545359,4
0.7890239954,0.1264670836,0.1323392689,1578.692745,3.385966539,4
0.6622296572,0.1237759371,0.1261020452,1535.91734,3.167247057,4
0.4974047244,0.1235609142,0.1296004057,1550.241877,3.273461103,4
0.57980901,0.1229458513,0.121362254,1565.004702,2.906092405,4
0.7837238312,0.1306712299,0.1259803474,1612.538433,3.016263962,4
0.2633444369,0.06960745316,0.1200153753,1125.505658,3.656349182,4
-0.952257812,0.07944347111,0.1470194161,1167.255584,4.813856125,4
-2.256165981,0.1014090722,0.0719909668,1417.826,1.865766883,4
-1.050190687,0.08632162952,0.08918871731,1282.369229,2.333616734,4
-2.680491209,0.117602987,0.07375698537,1552.07434,2.080651045,4
-2.317110062,0.1074777424,0.07834170759,1469.218895,2.178705692,4
-1.918366194,0.09584199398,0.09022769332,1388.049526,2.564182281,4
-0.7304480672,0.1243860004,0.156695798,1529.146974,4.625588894,1
-0.6850078106,0.1216736538,0.1705082059,1496.471584,5.500188828,3
-1.481122732,0.1314124625,0.1374314874,1542.801421,4.008967876,1
-2.165055513,0.1108454433,0.1139366329,1416.08956,3.616611958,3
-2.173843861,0.1182020523,0.1116911992,1464.378172,3.340069771,1
-1.563110709,0.1287494624,0.1338255405,1492.432421,3.948897362,3
-2.093272924,0.1097748083,0.1089459509,1380.074862,3.208673716,1
-1.010310888,0.1473947108,0.1691025943,1645.97738,4.859268188,3
-1.442506433,0.1422309526,0.1386686713,1597.900223,3.663124561,1
-1.651200533,0.1304057316,0.1281383634,1498.176254,3.64146781,3
-0.9131433368,0.1323902935,0.1183352321,1678.553733,2.762507439,1
-0.986866951,0.1259218124,0.09749681503,1472.425904,1.93381989,4
-1.879715681,0.1182078394,0.06773005426,1442.400437,1.008383512,4
-2.476897717,0.1133238066,0.05390721187,1470.075604,0.7312759161,4
-1.602302909,0.1121982959,0.07543113828,1418.25507,1.263353944,4
-1.010181427,0.1276642686,0.09554164857,1477.842632,1.832275271,4
-0.7822442651,0.1123853211,0.1138894111,1393.779593,2.842980146,4
-0.4752613008,0.1573004766,0.1532282233,1805.563549,4.07668972,4
-2.235759735,0.1184283615,0.0887068361,1494.160105,2.635799646,3
0.280769527,0.1468595452,0.1653066128,1728.796982,5.019232273,4
-1.41279912,0.09125049163,0.1010416225,1352.42291,3.11810112,3
-1.783556581,0.1019513372,0.1046531647,1385.860464,2.928420544,4
-2.082728386,0.1057912844,0.08845217526,1435.913851,2.551455736,3
-2.185839176,0.1059906286,0.08433126658,1420.067642,2.30386734,4
-2.306959629,0.10433428,0.08444199711,1379.105776,2.41747117,3
-1.279686689,0.1156005859,0.1152214259,1491.079761,3.100317478,4
-1.555166245,0.1059077552,0.07649006695,1382.402963,1.833273053,3
-1.005188346,0.09661711599,0.1425223947,1310.839405,4.301969051,4
-1.393065214,0.105619938,0.08829083294,1376.679321,2.208993435,3
-0.3979812562,0.1270102405,0.1607031226,1465.921966,4.959511757,3
-1.116844893,0.1245150785,0.1295497417,1437.615007,3.346334457,4
-1.272185087,0.09725532182,0.1119415909,1278.452437,2.722885609,4
-0.2036971599,0.107174941,0.1486313194,1415.426726,4.899938107,3
-1.305371881,0.1426306404,0.1420371383,1619.240908,4.318742275,4
-2.284986734,0.13142605,0.0983825922,1505.650715,2.926656485,4
-0.1495915204,0.100024862,0.1487471014,1407.641209,5.073737621,3
-1.45995903,0.140145678,0.1246438473,1546.677578,3.568692207,4
-2.099710226,0.1217780157,0.1104898825,1411.585803,3.716626883,4
0.232901305,0.1107636898,0.1558552384,1452.348922,4.845327377,3
-0.4911122322,0.1428520115,0.1548108011,1595.798941,4.253192425,4
-0.968744874,0.09408073513,0.1506022811,1272.854278,4.958789825,4
0.02453551255,0.1318997724,0.1603190154,1664.163225,4.708337784,3
-0.9634546041,0.1100144693,0.1509631723,1422.25574,5.241904736,4
-1.401990891,0.09662033221,0.1389287263,1344.387246,5.084603786,4
-0.01742200926,0.111215014,0.1519295871,1492.186468,4.806410313,3
-0.7237554789,0.1257257024,0.1460181028,1517.737609,4.419207573,4
-0.9397259951,0.1259037683,0.1424277872,1505.877893,4.545009613,4
-0.8416497111,0.1483402907,0.1608182788,1621.975781,4.4629879,4
-0.9717971683,0.1419028186,0.1489415318,1609.781987,3.996218443,4
-0.94870013,0.1409557351,0.1362025142,1573.267594,3.898028851,4
-0.8502626419,0.1534543943,0.1405535787,1643.928629,3.837113142,4
-1.063974619,0.07628722585,0.1885127127,1580.057189,7.284281254,2
-1.063974619,0.07628722585,0.1885127127,1580.057189,7.284281254,4
-0.3121570945,0.09676684068,0.1653733701,1324.296062,5.791125298,3
-1.255125046,0.1085638051,0.1566722244,1406.616184,5.142069817,4
-0.06979708374,0.1126182626,0.1494937092,1521.765773,4.369503975,1
-1.41869688,0.1216066129,0.1622358412,1569.094601,4.998868465,4
-1.0679456,0.08570119875,0.1761793643,1587.993804,6.249518394,2
-1.0679456,0.08570119875,0.1761793643,1587.993804,6.249518394,4
-0.5359895825,0.1053343607,0.1575674713,1572.613581,4.894499302,3
-1.850848794,0.1071687751,0.1295137256,1448.299502,4.561318398,4
-0.06553173065,0.1030554059,0.1535387486,1511.552306,4.616690636,1
-1.49674201,0.07998069273,0.1268787682,1264.830671,4.437960625,4
-1.185774565,0.07717637121,0.1856386662,1588.459715,7.094628334,2
-1.185774565,0.07717637121,0.1856386662,1588.459715,7.094628334,4
-0.5712236166,0.1086246595,0.1461106092,1529.430591,4.141013145,3
-2.052019596,0.1215361149,0.1040905789,1528.384984,3.359043121,4
-0.1317755133,0.1107793685,0.1548609585,1563.971931,4.688134193,1
-1.228011966,0.09845922628,0.1214642823,1372.002296,3.637420416,4
-0.9797977209,0.08795781967,0.1769824922,1590.007363,6.282791615,2
-0.9797977209,0.08795781967,0.1769824922,1590.007363,6.282791615,4
-0.1992344409,0.1197308182,0.1629983783,1636.724343,4.997652531,3
-1.194945335,0.1026891306,0.1617267877,1407.805476,5.413383961,4
0.01943509653,0.1201810224,0.1542248577,1539.825547,4.444013119,1
-1.052944183,0.1216591283,0.1594484746,1536.285708,4.952433586,4
-0.9018119574,0.08474193721,0.1803880483,1604.220208,6.636744499,2
-0.9018119574,0.08474193721,0.1803880483,1604.220208,6.636744499,4
-0.4976640642,0.1104691532,0.1474044472,1528.109705,4.311724663,3
-1.12439847,0.1083917334,0.1278117597,1394.128023,3.970664501,4
-0.1968467683,0.1135181279,0.1551663429,1612.686738,4.584145069,1
-1.622935891,0.09479919015,0.1112955809,1338.468757,3.326129675,4
-1.003562212,0.08532266879,0.1744109839,1607.559303,6.070463181,4
-1.811500311,0.1061704448,0.1200284138,1440.659586,3.919079065,4
-1.096521378,0.1029019137,0.1416858137,1370.445414,4.161131859,4
-1.518285632,0.1040027889,0.09438674152,1379.784253,2.318091869,4
-1.585759163,0.1137482529,0.08859683573,1441.459463,1.954403281,4
-1.160044312,0.1079829505,0.1086556837,1415.64733,2.816621065,4
-1.043031454,0.1088576011,0.1071903333,1404.124954,2.795017719,4
-1.540981054,0.05908203125,0.140603587,1044.114408,4.551569462,4
0.3710743785,0.1030239917,0.07658541948,1422.582306,1.24799335,2
0.7128687501,0.0978679132,0.08252511173,1417.75572,1.434092999,4
-0.6620388031,0.0944125876,0.08508627862,1454.24805,1.565711498,1
-0.185341984,0.09911327231,0.08100055158,1484.612454,1.378641129,2
-0.5627409816,0.09262560923,0.08600295335,1404.391369,1.631290436,2
0.0145998951,0.1096744494,0.07114233077,1450.289745,1.072068095,2
-0.1718536317,0.1031793031,0.07795325667,1438.445811,1.27963233,4
-0.9617065191,0.09352541297,0.08249019831,1505.324994,1.44530654,1
-0.298935622,0.09658359554,0.07494430989,1442.15453,1.203870773,2
-0.490719974,0.1228520105,0.09545924515,1614.031114,1.743020177,2
0.8950487971,0.1013021578,0.08636587858,1434.406676,1.577031493,2
-0.4001454413,0.1042743046,0.07252842933,1440.233896,1.133005857,4
-0.747092247,0.1043960955,0.08040849119,1519.948069,1.349439144,1
-0.6838469505,0.09238571761,0.07699983567,1448.591952,1.278560042,2
-0.7750726938,0.08891310386,0.08461052924,1482.447336,1.513617992,2
0.7666292787,0.09787636763,0.080488801,1410.079867,1.397608042,2
-0.8006445765,0.09688463124,0.07291667163,1412.900242,1.160355091,4
-0.5782925487,0.09428979716,0.08510134369,1453.801799,1.561875701,1
-0.2475751936,0.09024019854,0.08217488974,1435.175602,1.440106153,2
-0.8369304538,0.08529390732,0.07896085829,1420.685001,1.363735676,2
0.2427791357,0.09429750072,0.0819247812,1401.222887,1.464255214,2
-0.2938444018,0.100730406,0.07194126397,1425.328418,1.121464252,4
-0.394598484,0.09869104788,0.07159849256,1430.89048,1.110121846,1
-1.099379897,0.0872604405,0.08121713251,1448.964858,1.422933102,2
0.0877205357,0.1001782899,0.1077117398,1531.715905,2.378012896,2
0.9406087995,0.09340809139,0.08992046863,1382.9468,1.746478915,2
0.1192398295,0.1145583792,0.08441986889,1527.312972,1.439181566,2
-0.3087555766,0.1019567087,0.08064499497,1474.855222,1.370500565,2
0.2024380863,0.1020977099,0.07760489732,1484.394019,1.254911542,3
1.06540513,0.09445778383,0.09043899924,1463.309552,1.665543318,2
-0.04847931862,0.1099213834,0.08006163687,1491.252111,1.32708323,2
-0.4827475548,0.1014807465,0.06914269179,1467.816394,1.010627389,3
1.035836577,0.1006016163,0.09344390035,1471.993049,1.760639548,2
-0.06194758415,0.09388072976,0.08179294318,1479.239747,1.402699113,2
-0.5973125696,0.09036338876,0.07415775955,1439.629763,1.179411054,3
1.46937418,0.08604613138,0.09342560917,1407.52087,1.820333481,2
0.9138156772,0.09670768528,0.08334688097,1447.737127,1.452840686,2
-0.4219848216,0.09796240346,0.08486835659,1508.394618,1.485179186,3
0.7776243687,0.1030072315,0.08729320765,1509.31954,1.531781316,2
0.3668692708,0.1020362224,0.08170928061,1476.442507,1.389187455,2
-0.8655402064,0.09557909933,0.08816570044,1479.436825,1.679317713,3
0.971731782,0.1064441926,0.0948645547,1498.534793,1.819687009,2
0.312871635,0.08336506415,0.08961300552,1429.543163,1.713717103,2
0.1933829337,0.09113540475,0.08626133204,1492.321222,1.538592219,3
0.3956417441,0.1121523796,0.08745375276,1517.271696,1.551066399,2
0.1872150451,0.1000540797,0.08795247972,1459.420094,1.622227192,2
-0.09233608097,0.08519334597,0.08973465115,1480.495595,1.705322862,1
-0.3395448625,0.08227483195,0.1011786908,1505.95728,2.172160149,1
-0.2905345857,0.09425619983,0.09321517497,1543.696898,1.775733232,1
-0.2057816088,0.08022371345,0.1023321226,1475.435995,2.264078379,1
-0.2884140909,0.1017658574,0.1007978693,1543.409082,2.09966445,1
-0.3618301451,0.08069071638,0.100723654,1503.577565,2.154424906,1
-0.6374616027,0.08738111413,0.08151952177,1472.771667,1.417739987,1
-0.3980093002,0.08272157866,0.1044696644,1504.308821,2.325485229,1
-0.4812444746,0.09060131221,0.0758767575,1450.734287,1.232818007,1
-0.304977119,0.07885406214,0.1014176831,1505.840081,2.189918756,1
-0.4312271178,0.1153575652,0.08767716587,1523.572658,1.570517063,1
-0.228625685,0.09550378082,0.07579745352,1412.760695,1.254065275,1
-0.5306432843,0.09627427967,0.07077323645,1405.113579,1.103842854,1
0.3130680025,0.115360925,0.08679085225,1529.849913,1.527675748,1
0.2765133381,0.1133159672,0.08719593287,1513.606012,1.554780483,1
-0.9589294195,0.104753647,0.1123925894,1364.378539,3.46502471,4
-0.9931730032,0.09372088231,0.1229369491,1294.303234,4.05124712,4
-0.2243577987,0.1167518546,0.1291237772,1466.608717,3.638072491,4
-0.2204621583,0.1048147219,0.1193377823,1353.895031,3.425642014,4
-0.230885461,0.1120224699,0.1255252957,1396.885832,3.73881197,4
-1.096898317,0.05469196939,0.1576664597,1067.297352,5.797341347,4
-1.763661623,0.09250516343,0.1110775843,1329.454234,3.484114408,4
-1.879025817,0.09465040854,0.09933280945,1329.92915,2.964624882,4
-1.700900316,0.08194165711,0.1112346277,1219.512992,3.57352972,4
-2.014658451,0.09116748495,0.09729290754,1310.200529,2.861819744,4
-1.063541532,0.08410308558,0.1636646539,1255.927949,5.968515873,4
-1.481717825,0.07335503969,0.148356393,1126.655443,4.94131279,4
-1.794663668,0.1149230397,0.09146981686,1474.553148,2.337762833,4
-1.581984162,0.1103102206,0.09775984287,1460.635646,2.73750782,4
-1.25031209,0.1085776233,0.1061619371,1447.774976,3.0418818,4
-2.743175745,0.1179461796,0.06640746444,1548.284471,1.719832659,4
-1.506532192,0.07102252365,0.1464838535,1151.255019,4.893602371,4
-0.6147753596,0.1305297572,0.1200922132,1583.427367,2.668464661,2
-0.4988686442,0.1417803382,0.1170214862,1633.217683,2.45492053,2
-0.5456727743,0.134916813,0.11134433,1578.763806,2.277941227,2
-0.571896553,0.138647237,0.1175471842,1610.068878,2.496374369,2